Company_Brand,Founded,HeadQuarter,Sector,What_it_does,Founders,Investor,Amount,Stage
TheCollegeFever,,"Bangalore, Karnataka, India","Brand Marketing, Event Promotion, Marketing, Sponsorship, Ticketing","TheCollegeFever is a hub for fun, fiesta and frolic of Colleges.",,,250000,Seed
Happy Cow Dairy,,"Mumbai, Maharashtra, India","Agriculture, Farming",A startup which aggregates milk from dairy farmers in rural Maharashtra.,,,"?40,000,000",Seed
MyLoanCare,,"Gurgaon, Haryana, India","Credit, Financial Services, Lending, Marketplace",Leading Online Loans Marketplace in India,,,"?65,000,000",Series A
PayMe India,,"Noida, Uttar Pradesh, India","Financial Services, FinTech",PayMe India is an innovative FinTech organization which offers short term financial suport to corporate employees.,,,2000000,Angel
Eunimart,,"Hyderabad, Andhra Pradesh, India","E-Commerce Platforms, Retail, SaaS",Eunimart is a one stop solution for merchants to create a difference by selling globally.,,,—,Seed
Hasura,,"Bengaluru, Karnataka, India","Cloud Infrastructure, PaaS, SaaS","Hasura is a platform that allows developers to build, deploy, and host cloud-native applications quickly.",,,1600000,Seed
Tripshelf,,"Kalkaji, Delhi, India","Internet, Leisure, Marketplace",Tripshelf is an online market place for holiday packages.,,,"?16,000,000",Seed
Hyperdata.IO,,"Hyderabad, Andhra Pradesh, India",Market Research,Hyperdata combines advanced machine learning with human intelligence.,,,"?50,000,000",Angel
Freightwalla,,"Mumbai, Maharashtra, India","Information Services, Information Technology",Freightwalla is an international forwarder thats helps you manage supply chain by providing online tools including instant quotations.,,,—,Seed
Microchip Payments,,"Bangalore, Karnataka, India",Mobile Payments,Microchip payments is a mobile-based payment application and point-of-sale device,,,—,Seed
BizCrum Infotech Pvt. Ltd.,,"Delhi, Delhi, India","B2B, Shoes",Building Transactionary B2B Marketplaces,,,—,Seed
Emojifi,,"Bengaluru, Karnataka, India",Internet,"Emojifi is an app that provides live emoji, stickers & GIFs suggestions based on the typed words across chat platforms.",,,—,Seed
Flock,,"India, Asia","Apps, Collaboration, Developer Platform, Enterprise Software, Messaging, Productivity Tools, Video Chat",Flock is a real-time messaging and collaboration app for teams that speeds up and simplifies communication and boosts productivity.,,,—,Seed
Freshboxx,,"Hubli, Karnataka, India",Food Delivery,"Freshboxx is incubated at Sandbox Startups, a unit of the Deshpande Foundation.",,,—,Seed
Wide Mobility Mechatronics,,"Bangalore, Karnataka, India",Industrial Automation,Wide Mobility Mechatronics is a Private Company limited by Shares,,,—,Seed
Pitstop,,"Bengaluru, Karnataka, India","Automotive, Search Engine, Service Industry",Pitstop offers general repair and maintenance services for cars through its doorstep service vehicles.,,,"?100,000,000",Seed
Mihuru,,"Mumbai, Maharashtra, India","Finance, Internet, Travel",Mihuru is an online platform which gives micro loans for air travel .,,,150000,Seed
Fyle,,"Bengaluru, Karnataka, India","Accounting, Business Information Systems, Business Travel, Finance, SaaS",Fyle is an intelligent expense management platform for enterprises.,,,1100000,Seed
AppWharf,,"New Delhi, Delhi, India","Artificial Intelligence, Product Search, SaaS, Service Industry, Software",Appwharf is an intelligent assistant that helps find you the best-fit SaaS for your business.,,,—,Seed
Antariksh Waste Ventures Pvt ltd,,"Chennai, Tamil Nadu, India","Internet of Things, Waste Management",Waste Management for Smart Cities,,,"?500,000",Seed
Cogoport,,"Mumbai, Maharashtra, India","Air Transportation, Freight Service, Logistics, Marine Transportation",Cogoport is a platform that provides freight buying industry with spot rates and bidding process for freight buyers.,,,6000000,Series A
PaisaDukan,,"Mumbai, Maharashtra, India",Financial Services,A P2P lending marketplace platform,,,650000,Seed
Sleepy Owl Coffee,,"New Delhi, Delhi, India",Food and Beverage,"Makers of a signature coffee that's exceptional in taste. It's super easy to brew, requires no equipment & ships to your door.",,,"?35,000,000",Seed
BlueJack,,"Delhi, Delhi, India",Autonomous Vehicles,Delhi-based online used vehicles marketplace.,,,"?64,000,000",Seed
PregBuddy,,"Bengaluru, Karnataka, India","Enterprise Software, Health Care, Hospital, Parenting, Personal Health, SaaS",PregBuddy is a smart connected care platform for expecting mothers.,,,—,Seed
AgNext Technologies,,"Mohali, Punjab, India","Agriculture, Analytics, Big Data, Farming",AgNext is an agricultural sensing and solutions company focused on building data-driven solutions for agricultural stakeholders,,,—,Series A
Pando,,"Chennai, Tamil Nadu, India","Logistics, Supply Chain Management",A startup which digitizes logistics operations for Fortune 500 companies.,,,2000000,Seed
Mintifi,,"Mumbai, Maharashtra, India","Financial Services, Lending",Online lending startup based in Mumbai.,,,2000000,Seed
Carcrew,,"Mumbai, Maharashtra, India","Automotive, Marketplace, Online Portals",India's Online Auto Repair Marketplace,,,2000000,Seed
NicheAI,,"Hyderabad, Andhra Pradesh, India",Artificial Intelligence,Early stage Artificial Intelligence (AI) start up.,,,—,Angel
Chariot Tech,,"New Delhi, Delhi, India","Internet of Things, Telecommunications",Chariot Tech is an Internet of Things (IoT) startup based in New Delhi.,,,"?20,000,000",Seed
Ideal Insurance Brokers/ 121Policy.com,,"Kolkata, West Bengal, India",Insurance,Ideal Insurance Broking is one of the leaders in insurance broking domain.,,,1000000,Seed
Loanzen,,"Bangalore, Karnataka, India",Financial Services,Loanzen helps small businesses get unsecured working capital loans against their their pending invoices.,,,—,Seed
Mojro Technologies,,"Bengaluru, Karnataka, India","Information Technology, Logistics, Supply Chain Management",Mojro envisions to be the world's largest technology-enabled logistics platform.,,,650000,Seed
Elemential,,"Mumbai, Maharashtra, India","Blockchain, Developer Tools, Enterprise Software","Blockchain Development Platform To Design, Run & Scale Blockchain Networks.",,,1000000,Seed
Loadshare,,"Bengaluru, Karnataka, India","Industrial Automation, Logistics, Supply Chain Management",LoadShare is India’s fastest growing logistics company,,,5000000,Series A
Yumlane,,"Mumbai, Maharashtra, India","Food and Beverage, Food Delivery, Snack Food",Food startup Yumlane operated by QwikPik Technology,,,4000000,Series A
Kriger Campus,,"New Delhi, Delhi, India",Education,A Education Start Up.,,,"?30,000,000",Seed
Pipa+Bella,,"Mumbai, Maharashtra, India","E-Commerce, Fashion, Jewelry, Retail",Pipa+Bella is an online store aimed at selling fashionable and affordable costume jewelry at par with international standards and trends,,,1000000,Series A
Kaleidofin,,"Chennai, Tamil Nadu, India",Financial Services,A fintech platform.,,,2800000,Seed
Chakr Innovation,,"New Delhi, Delhi, India",Renewable Energy,Chakr has developed the world’s first retro-fit emission control device for diesel generators.,,,—,Seed
IndigoLearn,,"Hyderabad, Andhra Pradesh, India","E-Learning, Education",India's the premier education destination catering to the needs of aspiring students of the CA community.,,,150000,Seed
UClean,,"India, Asia","Clean Energy, CleanTech, Laundry and Dry-cleaning",UClean is a tech enabled laundry service provider.,,,"?40,000,000",Seed
Coutloot,,"Mumbai, Maharashtra, India","E-Commerce, Fashion, Mobile",The Fashion Re-commerce platform.,,,1000000,Seed
Letstrack,,"New Delhi, Delhi, India","Apps, Messaging, Navigation, Public Safety","Letstrack GPS tracking devices to track your kids, bike, car and other vehicles. GPS trackers for Vehicle Tracking System in India.",,,1700000,Seed
Pooltoo,,"New Delhi, Delhi, India",Transportation,Pooltoo offers a premium ride sharing platform.,,,—,Seed
Finzy,,"Bangalore, Karnataka, India","Financial Services, Lending",finzy is the premier peer to peer lending solution in India.,,,1300000,Seed
Fitternity,,"Mumbai, Maharashtra, India","Fitness, Health Care, Wellness",India's largest online fitness platform that provides an integrated eco-system to help users start & sustain their fitness journey,,,2000000,Seed
Keito,,"Pune, Maharashtra, India","Artificial Intelligence, Machine Learning, SaaS, Virtual Assistant",Building an Intelligent Digital Assistant.,,,—,Seed
Tolet for Students,,"Jodhpur, Rajasthan, India",Hospitality,"Reserve your Room, Hostel or Paying Guest, while relocating for higher education.",,,"?5,000,000",Seed
Chai Kings,,"Chennai, Tamil Nadu, India","Food and Beverage, Tea",Chai Kings is a tea retail chain,,,"?20,000,000",Seed
Dainik Jagran,,"Kanpur, Uttar Pradesh, India","Media and Entertainment, News, Outdoors",Dainik Jagran is a media and communications group.,,,"?40,000,000",Seed
Playtoome,,"Bengaluru, Karnataka, India","Broadcasting, Media and Entertainment, Music, Music Streaming, Video, Video Streaming",Playtoome is a live entertainment destination,,,"?20,000,000",Seed
ONGO Framework,,"Hyderabad, Andhra Pradesh, India","B2B, Information Services, Information Technology",ONGO Framework is a B2B IT and digital solution provider.,,,1000000,Angel
Notesgen,,"New Delhi, Delhi, India","EdTech, Education, Enterprise Software, Peer to Peer",A Global Peer-to-Peer and Peer-to-Group Learning Platform that helps students supplement their academic & competitive exam prep.,,,"?12,500,000",Seed
Arogya MedTech,,"Kolkata, West Bengal, India","Health Care, Medical",Arogya MedTech is a Research & Development organization in Bio-Medical industry.,,,"?15,000,000",Seed
Propshop24,,"Mumbai, Maharashtra, India",E-Commerce,"Propshop24, a one-stop shop for a handpicked selection of 'fun'tastic products from around the world.",,,500000,Seed
myUpchar,,"New Delhi, Delhi, India","Health Care, Hospital, Wellness",To bring health issues to people in their language.,,,5000000,Series A
MissMalini Entertainment,,"Mumbai, Maharashtra, India",—,"MissMalini Entertainment is a multi-platform new media network dedicated to Entertaining, Connecting & Empowering young Indians.",,,"?104,000,000",Seed
Rooter,,"India, Asia",Sports,Rooter is a mobile-based platform,,,"?45,000,000",Seed
ZestMoney,,"Bangalore, Karnataka, India","Big Data, Consumer Lending, FinTech",Zest is India's first completely automated consumer digital lending platform.,,,13400000,Series A
alphaics Corporation,,"Bengaluru, Karnataka, India","Cloud Computing, Computer, Semiconductor",Advancing AI compute,,,—,Seed
MyDentistChoice,,"Hyderabad, Andhra Pradesh, India","Health Care, Medical, Pharmaceutical",MyDentistChoice is a direct sales and distribution of dental equipment and accessories from top name manufacturers,,,500000,Seed
Sattviko,,"New Delhi, Delhi, India","Food Processing, Retail",Sattviko fosters wellness and shares Indianness through the Sattvik way of cooking that is wholesome and tasty!,,,—,Angel
Sensibull,,"Bangalore, Karnataka, India",Trading Platform,Investment Management Platform,,,"?25,000,000",Seed
Bombay Shaving Company,,"New Delhi, Delhi, India","Consumer Goods, Lifestyle, Men's",Bombay Shaving Company is a Men's grooming startup,,,—,Series A
MedCords,,"Pune, Maharashtra, India",Wellness,Medcords is India’s first holistic healthcare ecosystem on a cloud platform that makes health management easier,,,"?26,400,000",Seed
University Living,,"New Delhi, Delhi, India",Education,University Living is an online global student housing marketplace.,,,—,Seed
&ME,,"Bangalore, Karnataka, India","Food and Beverage, Food Processing, Nutrition",Food and Beverage startup focussing on developing products using ayurveda with modern science for women empowerment and fitness.,,,—,Seed
Enakshi,,"Ahmedabad, Gujarat, India",Fashion,Enakshi is an online apparel brand for women.,,,"?8,000,000",Seed
Ultraviolette Automotive,,"Bangalore, Karnataka, India","Automotive, Electric Vehicle, Energy Storage",Ultraviolette is a startup working on electric two-wheelers and energy infrastructure.,,,"?60,000",Series A
Inthree Access,,"Chennai, Tamil Nadu, India","Consulting, Retail, Social",Inthree Access is an impact venture that connects the most inaccessible rural markets with products that can transform lives in Rural India.,,,4000000,Series A
BUGWORKS Research India,,"Bangalore, Karnataka, India","Biotechnology, Life Science, Pharmaceutical, Product Research",BUGWORKS is a drug discovery company.,,,9000000,Series A
Guardian.in,,"Mumbai, Maharashtra, India",Health Care,GNC is a leading global specialty retailer of health and wellness products that takes pride to be the world's largest company,,,—,Seed
PrestLoans,,"New Delhi, Delhi, India","Credit, Financial Services, FinTech, Personal Finance","PrestLoans New age tech driven RBI regd NBFC helping businesses by providing easy, quick n hassle free loans.",,,100000,Seed
Wimoxez,,"Hyderabad, Andhra Pradesh, India",Internet,"Data Intelligence Publishing Platform, We bring the best resources to learn valuable technologies which will shape tomorrow.",,,20000,Seed
India Accelerator,,"Gurgaon, Haryana, India","Communities, Coworking, Incubators",India Accelerator runs mentorship-driven incubation and acceleration programs for start ups.,,,—,Angel
HappyEMI,,"Bangalore, Karnataka, India","Consumer, Financial Services, FinTech",HappyEMI is a point of sale digital lending platform that helps consumers finance their purchases in-store and online,,,1000000,Seed
Wishup,,"Azadpur, Delhi, India","Consumer Applications, Information Services, Location Based Services, Virtual Assistant",Premium Personal Assistance service,,,—,Seed
Hansel.io,,"Bangalore, Karnataka, India","Mobile, Mobile Apps, Personalization, Test and Measurement, Web Apps","Hansel, a mobile app management platform, provides the infrastructure that companies need, in order to personalize product experiences.",,,4000000,Series A
Propelld,,"Bengaluru, Karnataka, India","Education, Financial Services, FinTech",Propelld is a student education financing platform.,,,250000,Seed
PivotRoots,,"Mumbai, Maharashtra, India","Advertising, Consulting, Digital Marketing",Digital Marketing powered by Data & Technology; fueled by Design thinking,,,—,Series A
ZiffyHomes,,"New Delhi, Delhi, India","Marketplace, Real Estate, Rental Property",ZiffyHomes is a technology driven marketplace to find out home on rent.,,,120000,Seed
Carmesi,,"Gurgaon, Haryana, India",Health Care,Carmesi is a brand of high-end menstrual-hygiene products in India.,,,"?34,000,000",Seed
OckyPocky,,"Haryana, Haryana, India","E-Learning, Internet, Video Games",OckyPocky is a interactive and personalised language learning app for preschool kids.,,,—,Angel
Racetrack,,"Bangalore, Karnataka, India","Artificial Intelligence, Cloud Computing, Video","Racetrack is a sales and support-focused AI-driven platform designed for education, real estate, and e-commerce sectors.",,,"?342,000,000",Seed
WHR,,"Pune, Maharashtra, India","Health Care, Information Technology","WHR is to make affordable healthcare a reality for all. Our vision is to make healthcare services easier, better and more accessible.",,,"$143,145 ",Seed
Asteria Aerospace,,"Bangalore, Karnataka, India",Aerospace,Asteria Aerospace is a robotics and artificial intelligence company.,,,—,Seed
FabAlley,,"Noida, Uttar Pradesh, India","E-Commerce, Fashion, Lifestyle","FabAlley is the ultimate Indian fashion destination for fashion-forward, indie-chic girls. Founded in 2012, Tanvi Malik and Shivani Poddar",,,"?600,000,000",Series B
Tranzmeo,,"Cochin, Kerala, India","Artificial Intelligence, Business Intelligence, Industrial Automation, Machine Learning",Tranzmeo Connect : is A Complete Comprehensive Anomaly forensic Solution with Actionable Insights.,,,—,Pre-Seed
SBI Life,,"Mumbai, Maharashtra, India",Insurance,SBI Life is one of the life insurance company that offers a range of life insurance plans and policies to protect you and your family.,,,"$742,000,000 ",Private Equity
Studds Accessories,,"Faridabad, Haryana, India",E-Commerce,Studds Accessories is a scooter accessories service provider in India,,,"?1,000,000,000",Private Equity
Design Cafe,,"Bengaluru, Karnataka, India","Home Decor, Home Improvement, Home Renovation, Home Services, Interior Design, Smart Home","Design + Execution Organization that delivers beautiful & innovative designs for Home Interiors, in any budget.",,,"?2,000,000,000",Series B
NoPaperForms Solutions Pvt. Ltd.,,"New Delhi, Delhi, India","EdTech, Education, Information Services, SaaS","NoPaperForms is a marketing automation, lead nurture and enrolment management platform for educational institutions",,,"$3,980,000 ",Series B
Rays Power Infra,,"Jaipur, Rajasthan, India","Energy, Solar",Rays Power Infra is a leading integrated Solar Power Company.,,,"?2,000,000,000",Venture - Series Unknown
AuthMetrik,,"Gurgaon, Haryana, India","B2B, Biometrics, Cyber Security, Fraud Detection, SaaS, Security","SaaS, B2B, Security, Stop account sharing, Fraud Detection",,,"$10,000 ",Grant
Khidki,,"Bangalore, Karnataka, India","Artificial Intelligence, Social",Vernacular Social Network Focused on Town Level Content and Interactions,,,—,Seed
LetsTransport,,"Bangalore, Karnataka, India","Logistics, Transportation, Travel",Lets transport is a logistics solution provider.,,,"?1,000,000,000",Series B
Next Digital Solutions,,"Kota, Rajasthan, India","Digital Marketing, SEM, SEO, Web Development",Next Digital Solutions is website design & Digital Marketing development company.,,,"?100,000",Angel
Portea Medical,,"Bangalore, Karnataka, India","Health Care, Hospital, Medical",Portea Medical is the largest and fastest growing provider of in-home medical care in India today with a 24-city network.,,,"?250,000,000",Debt Financing
Aavas Financiers,,"Jaipur, Rajasthan, India","Finance, Financial Services","Aavas Financiers is engaged in the business of providing housing loans, primarily in the un-served, unreached and under-served market.",,,"?2,000,000,000",Post-IPO Debt
Swiggy,,"Bangalore, Karnataka, India","Food Delivery, Food Processing, Internet",Swiggy is a food ordering and delivery company that provides food service solutions for restaurants.,,,"$1,000,000,000 ",Series H
Milkbasket,,"Haryana, Haryana, India","E-Commerce, Food and Beverage, Internet","Milkbasket delivers milk, bread, eggs, butter, juices and other daily need items, every morning, right at your doorstep, free of charge.",,,"$7,000,000 ",Series A
Nutrisattva (Proliva),,"Anand, Gujarat, India","Fitness, Food and Beverage, Health Care, Nutrition",Nutrisattva is a protein innovation compan,,,—,Angel
Toppr,,"Mumbai, Maharashtra, India","EdTech, Education, Knowledge Management",Toppr.com is an online preparation platform for entrance exams in India.,,,"$35,000,000 ",Series C
Jagaran Microfin,,"Kolkata, West Bengal, India",—,Jagaran Microfin is a Microfinance institution which achieves a healthy amalgamation of social and financial,,,"?550,000,000",Debt Financing
Vivriti Capital,,"Chennai, Tamil Nadu, India",Financial Services,Vivriti Capital is an online platform for institutional debt in India.,,,"$28,500,000 ",Venture - Series Unknown
Be U Salons,,"New Delhi, Delhi, India","Apps, Beauty, Consumer, Retail",Be U is India's first subscription based Salon Chain.,,,"?30,000,000",Seed
Impact Guru,,"Mumbai, Maharashtra, India","Creative Agency, Crowdfunding, EdTech, Health Care, Internet, Medical, Non Profit, Personal Health","We're a Harvard incubated crowdfunding platform for nonprofits, social enterprises, startups and individuals.",,,"$2,000,000 ",Series A
MobiKwik,,"Gurgaon, Haryana, India","Consumer Lending, Financial Services, FinTech, Insurance, Lending, Mobile Payments, Payments, Wealth Management",MobiKwik is a payments backed fintech platform in India. MobiKwik App offers instant loans & investment products to the 500M masses of India,,,"?240,000,000",Series E
Stones2Milestones,,"Gurgaon, Haryana, India","E-Learning, Education, Higher Education",Stones2milestones is a Gurgaon Based Learning Company.,,,—,Seed
Generico,,"Mumbai, Maharashtra, India","Health Care, Medical, Pharmaceutical",Generico is the fastest growing specialized pharmacy retail chain of Generic medicines.,,,—,Series A
Adiuvo Diagnostics,,"Chennai, Tamil Nadu, India",Health Diagnostics,Adiuvo Diagnostics is a medical diagnostic device company based in India.,,,—,Seed
DataTrained,,"Bangalore, Karnataka, India","EdTech, Education","DataTrained is a educational platform, which operates an ed-tech startup on data science",,,"?120,000,000",Seed
OneAssist,,"Mumbai, Maharashtra, India","Financial Services, SaaS, Security",OneAssist is a protection & assistance services platform.,,,"$2,400,000 ",Debt Financing
Satin Creditcare Network Limited (SCNL),,"New Delhi, Delhi, India","Banking, Finance, Financial Services, Non Profit",Satin is a non-banking finance company providing individual loans to urban shopkeepers.,,,"$30,000,000 ",Post-IPO Debt
APAC Financial Services,,"Mumbai, Maharashtra, India","Finance, Financial Services",APAC Financial Services is a financial services platform.,,,"?2,500,000,000",Private Equity
Moglix,,"Noida, Uttar Pradesh, India","B2B, E-Commerce, Mobile","Moglix is a supplier of industrial tools like hand tools, power tools, electrical, and safety equipment.",,,"$23,000,000 ",Series C
SEDEMAC Mechatronics,,"Mumbai, Maharashtra, India","Automotive, Electric Vehicle, Renewable Energy",SEDEMAC Mechatronics is technology company that distributes control-intensive products for automobiles.,,,—,Venture - Series Unknown
MadGuy Labs,,"Hyderabad, Andhra Pradesh, India",E-Learning,MadGuy Labs is a Online Test-prep Platform.,,,"$150,000 ",Venture - Series Unknown
Dee Dee Labs,,"Pune, Maharashtra, India","Embedded Systems, Health Care, Medical, Product Research",Dee Dee Labs is design and development lab with a primary focus on the development of next generation of bionic prostheses.,,,—,Seed
FLEECA,,"Jaipur, Rajasthan, India",—,FLEECA is a Tyre Care Provider company.,,,—,Seed
Shop101,,"Mumbai, Maharashtra, India","Apps, E-Commerce, Internet",#1 Online Selling App. India’s leading social commerce platform. Setup free online store in 2 min. Sell own goods or resell Shop101 Supply.,,,"$11,000,000 ",Series B
FeedMyPockets,,"Bangalore City, Karnataka, India","Advertising, Human Resources, Marketing",On Demand Staffing Platform,,,"?44,000,000",Seed
Housejoy,,"Bengaluru, Karnataka, India","Beauty, Fitness, Home Services, Internet",Housejoy is a web-based platform that allows individuals to browse and book service providers for their homes.,,,"$3,240,000 ",Series B
Ambee,,"Bangalore, Karnataka, India","Health Care, Medical Device, Public Safety",Ambee is an Environment analytics startup.,,,—,Angel
FoodBuddy,,"Belgaum, Karnataka, India","Food Delivery, Online Portals, Restaurants","FoodBuddy is a online food delivery portal, providing boundary breaking delivery.",,,"?60,000,000",Seed
Ninjacart,,"Bengaluru, Karnataka, India","AgTech, B2B, Supply Chain Management",Ninjacart is a B2B agri-marketing platform that connects vegetables and fruits farmers directly with businesses.,,,"?2,500,000,000",Series B
Olly Smart Credit Card,,"New Delhi, Delhi, India","Credit Cards, Finance, Mobile Apps, Mobile Payments, Payments",Olly is a digital credit card for India's working masses and young people.,,,—,Seed
Zestl,,"Pune, Maharashtra, India",Software,"No-Code Workflow Automation. Build enterprise applications in days with AI, Cognitive Automation, Collaboration and more built in.",,,—,Seed
BYJU’S,,"Bangalore, Karnataka, India","EdTech, Education, Higher Education, Secondary Education",BYJU’s is an edtech company that is reinventing how students learn through its learning app.,,,"$540,000,000 ",Private Equity
Wakefit,,"Bangalore, Karnataka, India","Manufacturing, Retail",Wakefitkart is a mattress manufacturing company. We manufacture the best quality mattresses at affordable prices.,,,"?650,000,000",Venture - Series Unknown
Hero Electric,,"New Delhi, Delhi, India",Manufacturing,"Hero Electric, a 100% subsidiary of the Hero Group, is a pioneer in the Indian Electric Vehicle Industry.",,,"?1,600,000,000",Venture - Series Unknown
Pentation Analytics,,"Mumbai, Maharashtra, India","Information Services, Information Technology, InsurTech",Pentation as an Insurtech enables insurers and intermediaries with our Insurance Analytics Suite- an Insurance specific AI/ML Software Suite,,,—,Seed
PerkFinance,,"Bangalore, Karnataka, India","Consumer Lending, FinTech",PerkFinance partners with employers to provide affordable loans to their employees at no cost to the company,,,"$900,000 ",Seed
Roposo,,"Gurgaon, Haryana, India","Internet, Social Network, TV",Roposo - TV by the People is a unique social media platform where people express visually with homemade videos and photos.,,,"$10,000,000 ",Series C
Plum Goodness,,"Thane, Maharashtra, India","Beauty, Health Care",Plum Haircare Is Silicone-Free & Sulphate-Free. Designed For Damaged & Dandruff-Free Hair,,,—,Series A
Drstore,,"Mumbai, Maharashtra, India",Hospital,Drstore is a exclusive e- commerce platform.,,,—,Seed
Wow Venue,,"Mumbai, Maharashtra, India",Events,Wow Venue is an online platform.,,,"$1,500,000 ",Venture - Series Unknown
Chizel,,"Pune, Maharashtra, India","3D Printing, Manufacturing, Product Design",Chizel is a worlds most advanced cloud platform for on-demand manufacturing in 3D Printing and CNC Machining,,,—,Seed
OTO Capital,,"Mumbai, Maharashtra, India",Automotive,OTO Capital is a platform that allows you to own a car faster than ever.,,,"?50,000,000",Seed
Boodmo,,"Gurgaon, Haryana, India","Automotive, Retail",boodmo.com - large online marketplace for auto parts in India.,,,"?70,000,000",Seed
Khabri,,"Haryana, Haryana, India","Apps, Audio",Khabri is a digital audio platform for content in vernacular.,,,—,Seed
MyNewCar.in,,"Gurgaon, Haryana, India","Automotive, E-Commerce",MyNewCar.in offers new cars at best price with great deals. Book a new car online or request a doorstep test drive,,,"$1,000,000 ",Venture - Series Unknown
HalaPlay Technologies,,"Bangalore, Karnataka, India","Digital Entertainment, Fantasy Sports, Sports",A daily fantasy sports platform.,,,"$5,000,000 ",Series A
PlanetSpark,,"Gurgaon, Haryana, India","E-Learning, EdTech, Education",PlanetSpark is an after-school Maths and English learning program for pre teen kids between Grades 2nd to 7th.,,,"?16,000,000",Seed
WheelsEMI,,"Pune, Maharashtra, India",—,"WheelsEMI is the brand name of NBFC, WheelsEMI Pvt. Ltd.",,,"$14,000,000 ",Series B
Forum for Innovation Incubation Research and Entrepreneurship,,"Margão, Goa, India","Funding Platform, Incubators, Non Profit","FiiRE, a technology business incubator helps the startup process to move from the garage to the lab.",,,"?102,500,000",Grant
OYO,,"Gurgaon, Haryana, India","Hospitality, Hotel, Leisure, Travel",OYO is an Indian hospitality startup that operates a network of budget hotels.,,,"$100,000,000 ",Series E
Quikr,,"Bangalore, Karnataka, India","Classifieds, Internet, Marketplace, Rental Property","Quikr is a free classifieds and online marketplace that helps users sell, buy, rent, or discover anything across India.",,,"?550,000,000",Debt Financing
Tabono,,"Gurgaon, Haryana, India",Sports,Tabono is a one stop environment for all your fitness solution.,,,—,Seed
LearnApp,,"Noida, Uttar Pradesh, India","Banking, E-Learning, Trading Platform","Learnapp.co - Video courses & live classes in investing, trading, banking and finance.",,,"?20,000,000",Seed
Shopkirana,,"Indore, Madhya Pradesh, India","E-Commerce, Mobile, Retail",Shopkirana connects brands and traditional retailers with the help of technology and supply chain innovation.,,,"$2,000,000 ",Venture - Series Unknown
Fric Bergen,,"Alwar, Rajasthan, India",—,Fric Bergen is a leader in the specialty food industry.,,,—,Venture - Series Unknown
Articbot,,"Kannur, Kerala, India","Artificial Intelligence, Information Technology",Articbot is a conversational AI platform for automated customer support and lead generation,,,"?1,200,000",Grant
BuildSupply,,"Gurgaon, Haryana, India","Enterprise Resource Planning (ERP), Information Services, Information Technology, Real Estate",India’s most advanced ERP system for the real estate,,,"?250,000,000",Series A
Fusion Microfinance,,"New Delhi, Delhi, India","Banking, Finance, Financial Services",Fusion Microfinance Pvt. Ltd. is an NBFC registered with RBI,,,"?5,200,000,000",Series E
Any time Doctor,,"Chennai, Tamil Nadu, India",Software,Anytime Doctor is a Software company.,,,—,Angel
Go Payments,,"Mumbai, Maharashtra, India","Information Services, Information Technology",Go Payments was founded with the mission of assisting consumers with performing a whole host of financial services at their doorstep.,,,—,Corporate Round
Guiddoo World,,"Mumbai, Maharashtra, India","Audio, Mobile, Tourism, Travel",We build In-Destination Experiences!,,,"$800,000 ",Seed
ION Energy,,"Mumbai, Maharashtra, India","Energy, Energy Storage, Infrastructure",A stealth startup building a layer of infrastructure for highly efficient energy storage systems.,,,"$1,041,000 ",Venture - Series Unknown
UnoTag,,"Bangalore, Karnataka, India",Artificial Intelligence,SaaS to verify counterfeit,,,"$100,000 ",Pre-Seed
CivilCops,,"Gurgaon, Haryana, India","Government, Information Technology, Software",Gov-Tech,,,"$100,000 ",Pre-Seed
Rockmetric,,"Mumbai, Maharashtra, India",Information Technology,"Smarter analytics to understand how each customer uses your product. Drive growth in conversion, retention and engagement.",,,—,Grant
Classworks India,,"Chennai, Tamil Nadu, India","Education, Information Technology, Internet, Mobile, Software","Saas, Web App, Mobile App, School Education",,,"?100,000",Undisclosed
Snapmint,,"Mumbai, Maharashtra, India","Consumer Lending, Financial Services, Lending, Personal Finance","Snapmint facilitates simplified, fairly-priced and hassle-free EMI options without a Credit Card.",,,—,Seed
artbandhu,,"Bangalore, Karnataka, India","Digital Media, Internet, Media and Entertainment, Online Portals, Social Media",Ai platform for Art and Creative Community,,,"$15,000 ",Pre-Seed
Survaider,,"Bengaluru, Karnataka, India","Business Intelligence, Customer Service, Market Research, SaaS",Stethoscope for customer feedback !,,,500000,Seed
Credy,,"Bengaluru, Karnataka, India","Credit, Financial Services, FinTech, Lending",Credy is a fintech platform that connects borrowers seeking capital with lenders seeking market beating returns.,,,1400000,Seed
iChamp,,"Gurgaon, Haryana, India",E-Learning,iChamp is an e education innovation product from RNM E-Services Pvt Ltd.,,,5000000,Seed
Qandle,,"Gurgaon, Haryana, India",Software,A cloud-based HR management and employee engagement platform.,,,1200000,Seed
Avishkaar Box,,"Delhi, Delhi, India","Children, Education, Parenting","Avishkaar Box is just not another box full of material rather it is a well researched, thought through solution",,,"?50,000,000",Seed
Gegadyne Energy,,"Mumbai, Maharashtra, India","Automotive, Battery, Energy, Energy Storage",A Mumbai-based startup Electric Vehicle (EV) & Energy Storage company.,,,—,Angel
HyperXchange,,"Pune, Maharashtra, India","E-Commerce, Mobile, Sharing Economy",hyperXchange is India's fastest growing O2O marketplace for premium refurb gadgets,,,1000000,Series A
Deftouch,,"Bangalore, Karnataka, India",—,Deftouch is a mobile game development company that currently focuses on winning the Cricket gaming market with a social multiplayer game.,,,—,Seed
Doodhwala,,"Bengaluru, Karnataka, India","Food Delivery, Organic, Organic Food",Doodhwala is an online milk delivery startup that offers over 70 varieties of milk along with a plan based on clients' requirement.,,,2200000,Seed
DronaHQ,,"Mumbai, Maharashtra, India",Mobile,DronaHQ is an enterprise mobile engagement platform.,,,500000,Angel
FastFox,,"Gurgaon, Haryana, India",Rental,FastFox: Market Network for Home Rentals (India),,,"?100,000,000",Series A
BuyForexOnline,,"Bangalore, Karnataka, India",Travel,BuyForexOnline.com is India's first completely online provider for buying Foreign Exchange.,,,2000000,https://docs.google.com/spreadsheets/d/1x9ziNeaz6auNChIHnMI8U6kS7knTr3byy_YBGfQaoUA/edit#gid=1861303593
Colive.in,,"Bangalore, Karnataka, India",Consumer,A technology powered network of Branded Serviced Homes conveniently located near educational institutions & workplaces.,,,1800000,Seed
Agricxlab Private Limited,,"Thane, Maharashtra, India","B2B, Farming, Marketplace",Online marketplace where farmers and traders can sell their produce to B2B buyers,,,500000,Seed
Corefactors,,"Bangalore, Karnataka, India",—,"Corefactors is a leading campaign management, business communication and analytics company.",,,—,Seed
Fincash.com,,"Mumbai, Maharashtra, India",Wealth Management,A startup in the personal finance space in India .,,,150000,Seed
Pandorum Technologies,,"Bengaluru, Karnataka, India",Biotechnology,Bengaluru based biotech startup.,,,3600000,Series A
Shirsa Labs,,"Mumbai, Maharashtra, India","Education, Gaming, Training",Shirsa Labs is a cognitive skill assessment and training portal that provides children with fun educational games.,,,500000,Seed
PetSutra,,"Gurgaon, Haryana, India",Veterinary,Gurugram-based Online petcare platform.,,,"?9,500,000",Seed
Awaaz De,,"Ahmedabad, Gujarat, India","Internet, Mobile, Social Entrepreneurship, Telecommunications, Wireless",Awwaz.De develops inclusive mobile solutions that enable organizations to achieve last-mile connectivity for social impact.,,,—,Angel
PinkBlue,,"Bangalore, Karnataka, India","Health Care, Hospital, Supply Chain Management",PinkBlue.in - Super-efficient supply-chain for clinical supplies,,,300000,Seed
Eduvanz,,"Mumbai, Maharashtra, India","Finance, Financial Services","Eduvanz is new, innovative finance company, which is completely revolutionizing the student loan market.",,,500000,Angel
Rupeek,,"Bangalore, Karnataka, India","Financial Services, Lending",Rupeek is an asset backed online lending platform currently operating in the space of Gold loans.,,,6830000,Series A
Backpacker Panda Holidays Private Limited,,"Pune, Maharashtra, India","Tourism, Travel",Backpacker Panda is creating an ecosystem for youth accommodation and travel.,,,1400000,Series A
Shape (School Health and Physical Education),,"Pune, Maharashtra, India",Education,Physical education start up,,,200000,Seed
Placio,,"Noida, Uttar Pradesh, India","Hospitality, Real Estate",Placio is a student housing and a complete broker-free platform.,,,2000000,Seed
Aviom India Housing Finance,,"New Delhi, Delhi, India",Finance,Delhi based housing finance company.,,,"?150,000,000",Series A
GenRobotic,,"Trivandrum, Kerala, India",Market Research,A Robotic Company.,,,—,Seed
HeyHolidays,,"Bangalore, Karnataka, India","Tourism, Travel","HeyHolidays, a global player in online vacation rentals.",,,1000000,Seed
Pratilipi,,"Bengaluru, Karnataka, India","Digital Media, EBooks, Publishing, Reading Apps",Amazon's Kindle Direct Publishing for Indian Languages,,,4300000,Series A
SectorQube,,"Ernakulam, Kerala, India","Consumer Electronics, Embedded Systems, Hardware, Smart Building, Software",SectorQube develops smart kitchen devices that make food automatically.,,,—,Seed
Food Memories,,"Ahmedabad, Gujarat, India","Food and Beverage, Food Processing",Iconic Indian Delicacies from the most renowned vendors of India Delivered Globally.,,,—,Seed
ZAMROO,,"India, Asia","Internet, Marketplace, Shopping",Zamroo is a growing mobile marketplace that allows users to buy and sell locally.,,,—,Seed
Silversparro Technologies Pvt. Ltd,,"Gurgaon, Haryana, India","Analytics, Computer Vision, Enterprise Software, Machine Learning, Natural Language Processing, Speech Recognition",Silversparro is a deep learning technology solution provider.,,,300000,Seed
Creator’s Gurukul,,"Gurgaon, Haryana, India",Facilities Support Services,A coworking space provider.,,,—,Angel
Emflux Motors,,"Bengaluru, Karnataka, India","Automotive, Electric Vehicle, Energy",Emflux Motors is committed to bring clean and sustainable energy into a state of universal acceptance through technological innovation.,,,364846,Seed
Tricog Health Services Pvt Ltd,,"Bangalore, Karnataka, India","Health Care, Health Diagnostics, Predictive Analytics",Predictive Healthcare Analytics Company,,,4000000,Series A
Scapic,,"Bangalore, Karnataka, India","Cloud Computing, Computer, SaaS, Software",Virtual/Augmented Reality Start Up .,,,500000,Seed
6Degree,,"Mumbai, Maharashtra, India","Fashion, Lifestyle, Retail",A fashion enterprise that provides a launchpad to fashion talent and brands using a tech enabled platform,,,400000,Seed
Chrysalis (EZ Vidya),,"Chennai, Tamil Nadu, India",Education,Chrysalis (EZ Vidya) is India’s leading educational research and innovation organization,,,—,Seed
Ekincare,,"Hyderabad, Andhra Pradesh, India",Medical,EKincare empowers you to take charge of your health by enabling you to monitor critical medical info and make it available anywhere.,,,1500000,Series A
Streo,,"Gurgaon, Haryana, India",Music Streaming,"Live stream music from nightclubs, bars & festivals!",,,—,Seed
Groww,,"Kormangala, Karnataka, India","Finance, Impact Investing, Internet",Groww offers a new way of investing money.,,,120000,Seed
Cell Propulsion,,"Bangalore, Karnataka, India",—,Cell Propulsion is an electric mobility startup that designs autonomous electric vehicles.,,,"?7,000,000",Seed
Chezuba,,"Hyderabad, Andhra Pradesh, India","Internet, Social Entrepreneurship",Chezuba is a web-based platform enabling skilled professionals to volunteer online with Non-profits worldwide,,,"?1,400,000",Angel
Ontrack Technologies Pvt. Ltd,,"Bangalore, Karnataka, India",Retail,Ontrack provides affordable independent transport to those dependent on cabs and autos for commute by renting bikes on a monthly basis.,,,—,Seed
Wealthtrust,,"Mumbai, Maharashtra, India","Finance, Impact Investing, Mobile Apps",Wealthtrust offers a wealth manager application that enables its users to invest and manage their investments online.,,,500000,Seed
Faclon Labs,,"Mumbai, Maharashtra, India","Cloud Computing, Computer, Software",Faclon is an IoT and data analytics based tech startup building products to make cities and villages smart.,,,—,Seed
Awign Enterprises,,"Bangalore, Karnataka, India","Business Development, Market Research, Outsourcing",Operations and manpower outsourcing startup,,,"?50,000,000",Seed
CollPoll,,"Bangalore, Karnataka, India",Education,World-class Enterprise System for Education.,,,—,Seed
Zyla Health,,"New Delhi, Delhi, India","Health Care, Hospitality",Zyla is transforming the way healthcare is delivered in India with specific focus on high-risk chronic patients.,,,—,Seed
Hubhopper,,"Delhi, Delhi, India","Internet, Social News, Sports",Get your daily dose of interest as summaries from news and magazine stories .,,,500000,Series A
Rubix108 Technologies,,"Pune, Maharashtra, India",Information Technology,Rubix Total App makes it effortless for Institutes to send home important information and updates about the day’s learning experiences.,,,1000000,Seed
Workflexi,,"Bangalore, Karnataka, India",Human Resources,"Be Smart, Work on Contract,Be Smart, Hire on Contract",,,"?10,000,000",Seed
Streak,,"Bangalore, Karnataka, India",Financial Services,Algorithmic trading platform.,,,"?22,500,000",Seed
Kuants,,"Gurgaon, Haryana, India",Financial Services,Algorithmic trading platform.,,,"?5,000,000",Seed
NiYO Solutions,,"Bangalore, Karnataka, India","Finance, Financial Services, FinTech",NiYO is a fintech company that helps salaried employees access company benefits and other financial services.,,,13200000,Series A
Hippo Video,,"Chennai, Tamil Nadu, India","Customer Service, Software, Video, Video Streaming",A video recording and sharing software.,,,—,Seed
Satvacart,,"Gurgaon, Haryana, India","E-Commerce, Food Processing",Satvacart is a Gurgaon’s largest online supermarket,,,—,Seed
Daaki,,"Bangalore, Karnataka, India",Health Care,Sports Nutrition startup,,,—,Angel
Simulanis,,"New Delhi, Delhi, India",Training,A Delhi-based Augmented Reality and Virtual Reality technology development company.,,,500000,Seed
MY CHIRAAG CAB,,"Jaipur, Rajasthan, India",Travel,MY CHIRAAG CAB SERVICES PVT LTD,,,1000000,Seed
WOTU,,"Bangalore, Karnataka, India",Food and Beverage,It operates a business-to-business e-commerce portal for food and beverages.,,,—,Seed
Flathalt,,"Gurgaon, Haryana, India",—,FInd your Customized Home here.,,,50000,Angel
True Elements,,"Pune, Maharashtra, India","Dietary Supplements, Food and Beverage, Health Care, Organic Food, Snack Food",True elements offers a range of high-quality snacks and supplements that are inspired by natural foods consumed by our ancestors.,,,"?50,000,000",Seed
Trendlyne Technologies,,"Bangalore, Karnataka, India",Financial Services,Trendlyne Technologies is a stock market analytics platform and marketplace for retail investors.,,,200000,Seed
Planys Technologies,,"Chennai, Tamil Nadu, India","Manufacturing, Oil and Gas, Robotics",Planys Technologies is India’s first and only manufacturer of compact ROVs providing underwater robotic inspection and survey solutions.,,,"?140,200,000",Series A
HealthPlix,,"Bangalore, Karnataka, India","Fitness, Health Care, Wellness",HealthPlix is a healthtech startup,,,3000000,Series A
dishq,,"Bengaluru, Karnataka, India",—,dishq leverages food science and machine learning (AI) to understand and predict people's tastes.,,,400000,Seed
Entropik Technology,,"Bengaluru, Karnataka, India","Artificial Intelligence, Computer, Machine Learning",The boundaries between Human and Machines are shrinking fast.,,,1100000,Seed
myHQ,,"Delhi, Delhi, India","Collaboration, Communities, Coworking, Sharing Economy",myHQ turns your everyday coffee space into a perfect work zone. Get an amazing work environment without paying any rent.,,,500000,Series A
Trell,,"Bangalore City, Karnataka, India",—,Trell is a location based network which helps you in exploring amazing experiences and annotating places around you.,,,1250000,Seed
Kidovators (by GyanLab),,"Bangalore, Karnataka, India","Big Data, EdTech, Machine Learning",Building future human capital through 21st Century Skills programs for K-12,,,180000,Seed
Log 9 Materials,,"Uttar Pradesh, India, Asia",Nanotechnology,Log 9 Materials is a nano-materials manufacturing and RnD startup,,,"?30,000,000",Seed
VTION,,"Gurgaon, Haryana, India","Analytics, Audio, Digital Media, Innovation Management, Internet Radio, Media and Entertainment",VTION is a media technology innovation firm aiming to solve key problems in the media based ecosystem.,,,"?19,200,000",Seed
HousingMan.com,,"Bengaluru, Karnataka, India",—,"New Apartments, Flats for Sale in Bangalore",,,"?103,000,000",Seed
Steradian Semiconductors,,"Bangalore, Karnataka, India",—,It is a fabless semiconductor company focused on CMOS millimeter wave products for Radar.,,,—,Seed
RupeeCircle,,"Mumbai, Maharashtra, India","Financial Services, Lending, Peer to Peer",RupeeCircle is a new age finance company.,,,"?40,000,000",Seed
Wooden Street,,"Jaipur, Rajasthan, India","E-Commerce, Furniture, Home Decor, Interior Design, Internet",Woodenstreet.com ensures to fulfill customer’s unique furniture requirements by crafting one-of-a-kind furniture pieces.,,,1000000,Series A
The Ken,,"Bengaluru, Karnataka, India",Digital Media,The Ken is India’s first subscriptions-only business news site,,,1500000,Series A
SaffronStays,,"Mumbai, Maharashtra, India",—,SaffronStays connects travellers to India's Incredible hosts.,,,2000000,Seed
Vebbler,,"Bengaluru, Karnataka, India","File Sharing, Personalization, Social Media",A personal network for close people,,,—,Seed
Foyr,,"Pune, Maharashtra, India","Home Decor, Interior Design","Foyr.com is India's first online, automated interior designer",,,4200000,Series A
MEngage,,"Jaipur, Rajasthan, India","Health Care, Medical Device, Mobile Apps",MEngage is a mass consumer engagement application for doctors on both android and IOS platforms.,,,175000,Seed
Inner Being Wellness,,"Hyderabad, Andhra Pradesh, India",—,"Inner Being Wellness manufactures beauty, wellness, and nutrition products.",,,"?35,000,000",Angel
Kobster,,"Chennai, Tamil Nadu, India","E-Commerce, Facilities Support Services, Procurement, Supply Chain Management",Kobster is a pioneer of B2B eProcurement and an eMarketplace providing Corporates an end-to-end solution for their procure-to-pay cycle.,,,—,Seed
Wishberry,,"Mumbai, Maharashtra, India","Crowdfunding, Finance, Financial Services",Wishberry is a rewards-based crowdfunding platform that enables users to raise funds for their creative and innovative ideas.,,,"?100,000,000",Series A
McXtra,,"Andheri, Maharashtra, India","Finance, Financial Services, Insurance",McXtra is a digital insurance broking startup.,,,1300000,Seed
Magic Crate,,"Bangalore, Karnataka, India","Children, Education, Online Portals","Magic Crate is a theme based stimulating, fun and learning activity box for 4-8 year olds that is mailed to your doorstep every month.",,,—,Seed
SmartVizX,,"Noida, Uttar Pradesh, India","Software, Virtual Reality",It is a Virtual Reality Solutions StartUp,,,1450000,Seed
MySEODoc,,"Delhi, Delhi, India",—,"SEO, PPC, Search Engine Marketing, Social Media Optimization, Content Marketing, Brand Reputation Management",,,—,Seed
ENLYFT DIGITAL SOLUTIONS PRIVATE LIMITED,,"Pune, Maharashtra, India",—,Digital Marketing Agency,,,"?200,000",Seed
Scale Labs,,"Delhi, Delhi, India",—,Scale Labs is a cross border e-commerce solutions provider that drives global trade for brands.,,,1000000,Seed
HungerBox,,"Bengaluru, Karnataka, India","B2B, Food and Beverage, Food Delivery",HungerBox is a full stack B2B F&B technology company delivering food solutions for the corporates in India.,,,4500000,Series A
Biryani By Kilo,,"Noida, Uttar Pradesh, India","Catering, Food and Beverage, Food Delivery, Food Processing",BBK delivers both authentic taste of Hyderabadi and Lucknowi Biryani prepared in individual earthen Handis with the freshest ingredients.,,,1000000,Seed
Wholesome Habits (EAT Anytime),,"Mumbai, Maharashtra, India","Food and Beverage, Snack Food",Wholesome Habits (EAT Anytime) is a healthy snacks Company.,,,500000,Seed
GoBumpr,,"Mylapore, Tamil Nadu, India","Automotive, E-Commerce, Mobile",Car Service and Bike Service Mobile App,,,600000,Seed
Fixpocket,,"Ahmedabad, Gujarat, India","Computer, Digital Marketing, Facilities Support Services, Graphic Design, Internet, Mobile Apps, Social Media Marketing, Web Development",Fixpocket is a internet-based startup.,,,250000,Seed
edureka!,,"Bangalore, Karnataka, India","Android, Big Data, Blockchain, Cloud Computing, EdTech, Education, Information Technology, iOS, Training, Web Development","Edureka is the fastest growing online learning platform that offers live, instructor-led courses for professionals from various industries.",,,2000000,Series A
Hashtag Loyalty Private Limited,,"Mumbai, Maharashtra, India","Analytics, CRM, Loyalty Programs, Machine Learning, Marketing Automation, Retail Technology, SaaS, Small and Medium Businesses",Hashtag Loyalty is a customer engagement and marketing automation tool for local businesses.,,,—,Seed
Wow Express,,"Mumbai, Maharashtra, India","Delivery, Information Technology, Mobile Apps","WOW, as customers react to his studiously taught, trained, polite and courteous nature.",,,4500000,Series A
ZunRoof,,"Gurgaon, Haryana, India","Environmental Consulting, Renewable Energy",ZunRoof is a rooftop focused solar startup.,,,"?16,600,000",Angel
Eggoz,,"Indore, Madhya Pradesh, India","Food and Beverage, Food Processing",Eggoz is a full-stack layer poultry business operator & service provider .,,,"?12,000,000",Angel
Sqrrl Fintech,,"Gurgaon, Haryana, India","Big Data, Business Intelligence, Financial Services, FinTech, Personal Finance",Personal Finance,,,1000000,Seed
GalaxyCard,,"Noida, Uttar Pradesh, India","Finance, Financial Services, FinTech",GalaxyCard is a mobile based Instant credit card.,,,—,Seed
IndiQube,,"Bengaluru, Karnataka, India","Commercial Real Estate, Coworking, Office Administration, Real Estate",IndiQube is a provider of co-working spaces based in Bengaluru.,,,15000000,Series A
EGK Foods,,"Mumbai, Maharashtra, India","Food and Beverage, Food Processing, Organic Food, Snack Food",A food processing enterprise registered with StartUp India .,,,"?20,000,000",Seed
NirogStreet,,"Gurgaon, Haryana, India","Apps, Health Care, Internet, Mobile Apps, Personal Health",NirogStreet is an Ayurvedic doctor discovery and appointment booking platform where patients can easily find doctors and fix consultation.,,,300000,Seed
Pixr8,,"Ghaziabad, Uttar Pradesh, India","Digital Media, Incubators, Social Entrepreneurship",Pixr8 is a global media platform dedicated to Start-ups and business organisations for promoting entrepreneurship work.,,,50000,Seed
Nivesh.com,,"Noida, Uttar Pradesh, India","Finance, Financial Services, Marketing",Nivesh.com is a mass market mutual funds investment platform.,,,"?30,000,000",Seed
Theranosis Life Sciences,,"Hyderabad, Andhra Pradesh, India","Biotechnology, Health Care, Life Science, Medical Device",A fully functioning cell culture facility and molecular biology setup.,,,—,Seed
Poshmiles Online Solutions Private Limited,,"Bengaluru, Karnataka, India",Travel,Poshmiles aims to help point travellers to long weekend trips at popular and undiscovered destinations based on budget & interest.,,,—,Seed
Reculta,,"Noida, Uttar Pradesh, India","Education, Human Resources",A campus recruitment solution provider.,,,—,Seed
Orbo.ai,,"Mumbai, Maharashtra, India",Internet,Orbo is a computer vision and deep facial technology company.,,,—,Seed
Inntot Technologies,,"Kochi, Kerala, India",Consumer Electronics,"Inntot Technologies, is a technology driven company.",,,—,Seed
Zoctr Health,,"Powai, Assam, India","Apps, Health Care, Hospital, Mobile Apps",Zoctr Health Network is a first-of-its kind pan-India Home & Telehealth Company,,,—,Seed
Hey Deedee,,"Mumbai, Maharashtra, India","Delivery Service, Logistics, Service Industry",Hey Deedee is a Mumbai-based company that provides solutions to parcel delivery problems.,,,"?33,000,000",Seed
DigiConnectt Technologys,,"Bengaluru, Karnataka, India","Information Services, Information Technology",A technology company focused on introducing products that will accelerate and enhance sales productivity and effectiveness .,,,125000,Seed
Locus.sh,,"Bangalore, Karnataka, India","Big Data, Data Visualization, Logistics, Software",Locus is an intelligent logistics automation platform.,,,4000000,Series A
Sports Flashes Pvt. Ltd,,"New Delhi, Delhi, India","Basketball, Cricket, Cycling, eSports, Fitness, Golf, Health Care, Hockey, Sports, Swimming, Table Tennis, Volley Ball","Sports Flashes operates a sports content app that provides sports news, live scores, fantasy gaming, expert views, trivia, and more.",,,1000000,Seed
Inc42,,"New Delhi, Delhi, India","Media and Entertainment, News, Publishing",Inc42 is one of the leading tech media publications of India.,,,—,Seed
Picxy,,"Guntur, Andhra Pradesh, India",Internet,"A stock photo startup based in Amravati, Andhra Pradesh.",,,130000,Seed
Huddle,,"Haryana, Haryana, India",Consulting,A coworking incubator Company.,,,300000,Seed
Benepik,,"Gurgaon, Haryana, India",Human Resources,HR Technology start-up.,,,—,Seed
Cash Suvidha,,"New Delhi, Delhi, India",Finance,Cash Suvidha is an Digital Lending Platform that provide working capital finance to SMEs and MSMEs in India.,,,1000000,Seed
Smartcoin,,"Bangalore, Karnataka, India","Big Data, Financial Services, Machine Learning, Predictive Analytics",Providing financial access to the millions of mobile users in India using alternative credit assessment,,,2000000,Seed
Carmel Organics,,"Indore, Madhya Pradesh, India","Agriculture, AgTech, Manufacturing","Carmel Organics is an India-based herb company engaged in sourcing, processing, and distributing herbal tea ingredients.",,,—,Series A
Roadcast,,"New Delhi, Delhi, India",—,Transforming the way businesses deliver. Work-force & fleet mobility tools.,,,250000,Angel
Printline Media(ThePrint),,"New Delhi, Delhi, India","Digital Media, News, Publishing",A digital news platform.,,,"?34,900,000",Seed
Creditas Solutions,,"Gurgaon, Haryana, India",Financial Services,Creditas was set-up in 2015 with an aim to help Financial Institutions find better ways to reach and interact with their customers.,,,—,Seed
UrbanPiper,,"Bengaluru, Karnataka, India",Software,UrbanPiper offers restaurants and chains with a suite of products to manage and analyze their online presence.,,,—,Seed
Doxper,,"Mumbai, Maharashtra, India","Health Care, Hospital",Doxper is Health tech startup which has created a digital pen and coded paper system for doctors to record patient information,,,"?72,000,000",Seed
i2ifunding,,"Noida, Uttar Pradesh, India","Crowdfunding, Finance, Financial Services",i2ifunding is an online marketplace that connects borrowers looking for personal loans with investors looking for alternative investments.,,,"?50,000,000",Angel
ShakeDeal,,"Bangalore, Karnataka, India","B2B, E-Commerce, Enterprise",Home of B2B Commerce,,,—,Seed
HelloVerify,,"Noida, Uttar Pradesh, India","Fraud Detection, Information Services, Security",HelloVerify is an online background check platform.,,,—,Seed
Fasal,,"Bengaluru, Karnataka, India","Agriculture, AgTech, Artificial Intelligence, Internet of Things, Machine Learning",Climate Smart Precision Agriculture Platform,,,120000,Seed
CoinGeto,,"Delhi, Delhi, India","Cryptocurrency, Trading Platform",CoinGeto is one of India’s most advanced digital assets exchange.,,,"?120,000,000",Seed
Avail Finance,,"Bangalore, Karnataka, India","Finance, FinTech, Mobile Payments",Avail is a mobile-first platform aiming to financially include the urban mass of India.,,,17200000,Series A
Tripeur,,"Bengaluru, Karnataka, India",Information Technology,Radical Travel Automation - Cloud Based Corporate Travel & Expense Management Software,,,600000,Seed
Wedeterna,,"Bangalore, Karnataka, India",Wedding,"Wedeterna is a new-age, personalised and fresh approach to arranged marriages, DIY matrimonial community with only self created profiles.",,,—,Angel
Stumagz,,"Hyderabad, Andhra Pradesh, India",Digital Media,Stumagz is about connecting with Stories Stumagz is about collaborating with people Stumagz is about creating a Cult.,,,—,Seed
Doubtnut,,"Gurgaon, Haryana, India","E-Learning, EdTech, Education, Image Recognition, Machine Learning, STEM Education",Gurgaon based E-learning platform.,,,"?35,000,000",Seed
MCaffeine,,"Mumbai, Maharashtra, India",Consumer Goods,MCaffeine is India's First Caffeine Infuse Personal Care Brand. It's an extension to the hyperactive lifestyle and individualistic identity.,,,"?32,000,000",Seed
TrustCheckr,,"Bengaluru, Karnataka, India",Information Technology,A Bengaluru-based fraud analytics solution provider .,,,100000,Angel
HealthAssure,,"Mumbai, Maharashtra, India","Fitness, Health Care, Wellness",HealthAssure provides access to Discounted & High Quality primary care medical network.,,,1000000,Seed
Picture TIme,,"New Delhi, Delhi, India",Digital Entertainment,Operator of low-cost mobile cinema theatres in rural areas.,,,"?250,000,000",Seed
1Crowd,,"Mumbai, Maharashtra, India","Crowdsourcing, Financial Services, Funding Platform, Venture Capital",Equity crowd funding platform focused on connecting investors with a host of extremely promising Indian start-ups and early stage ventures,,,3500000,Angel
Aarav Unmanned Systems,,"Bangalore, Karnataka, India","Delivery, Drones, Geospatial, Robotics",Professional Drones for Enterprise Applications,,,—,Seed
Wellthy Therapeutics Pvt Ltd,,"Mumbai, Maharashtra, India","Health Care, Hospital","Wellthy is a digital therapeutics company focused on improving patient health through the intersection of technology, and clinical outcomes.",,,"?135,000,000",Seed
Nua,,"Mumbai, Maharashtra, India",Consumer Goods,Nua is an e-commerce and feminine care brand platform focused on creating women care products.,,,—,Seed
Kuvera.in,,"Bangalore, Karnataka, India",Financial Services,An online platform for mutual fund investments.,,,250000,Angel
Livehealth,,"Pune, Maharashtra, India","Health Care, Information Technology, Management Information Systems",Livehealth is an end-to-end collaborative report management solution. We help you get your medical reports instantly from various health,,,1100000,Seed
Gramophone,,"Indore, Madhya Pradesh, India",Farming,An agricultural inputs startup Company.,,,1000000,Seed
Ora,,"Kolkata, West Bengal, India","Business Travel, Hospitality, Hotel, Marketplace, Tourism, Travel Accommodations",Ora is an online marketplace of unique accommodations. Awarded as among top 3000 startups in India by IIM Kolkata.,,,—,Seed
Buddy4Study.com,,"Noida, Uttar Pradesh, India","Career Planning, Education, Higher Education, Service Industry",Buddy4Study is the best scholarship search engine for Indian students. It also helps organizations to set up their own scholarship schemes.,,,3000000,Series A
Predible Health,,"Bangalore, Karnataka, India",Medical Device,Healthcare devices for cancer detection,,,—,Seed
Syncremedies Healthcare Pvt Ltd,,"Bangalore, Karnataka, India","Alternative Medicine, Health Care","Syncremedies is an Integrated Medicine service that brings together Allopathy, Ayurveda and Homeopathy to treat chronic ailments.",,,—,Seed
Blueleaf Cyberspace Systems,,"Bangalore, Karnataka, India","Internet, Software",Bluleaf Cyberspace is Cloud Based Software Company.,,,—,Seed
Toffee,,"Gurgaon, Haryana, India",—,"Toffee is a bite size, micro-event & contextual insurtech startup which aims to de-jargonise the insurance buying experience.",,,1500000,Seed
ORO Wealth,,"Mumbai, Maharashtra, India",—,Online wealth management platform,,,1600000,Series A
HealWell24,,"Mumbai, Maharashtra, India","Dental, Elder Care, Health Care, Home Health Care, Personal Health","HealWell24 is India's emerging technology-empowered healthcare company, aiming to bring world-class quality healthcare services anywhere.",,,200000,Seed
Acko General Insurance,,"Mumbai, Maharashtra, India","Financial Services, Insurance, Private Social Networking",Acko General Insurance is a digital insurance company in India that redefines insurance for the consumers.,,,12000000,Series A
arzooo.com,,"Bangalore, Karnataka, India","Consumer Electronics, E-Commerce, E-Commerce Platforms, Electronics, Shipping, Shopping",E-commerce website promising the best price on any product a consumer buys anywhere on the internet.,,,"?15,000,000",Seed
Bonphul Air Products,,"Delhi, Delhi, India",CleanTech,A clean tech product Company,,,"?20,000,000",Angel
DheeYantra Research Labs,,"Bangalore, Karnataka, India",Artificial Intelligence,"DheeYantra is building a cognitive conversational chatbot platform by name ""dhee.ai"" for vernacular languages",,,—,Seed
Edyoo,,"Bengaluru, Karnataka, India",Education,"Edyoo.com is a technology platform that offers the most intuitive design, flexibility, and ease of use.",,,1000000,Seed
Chtrbox,,"Mumbai, Maharashtra, India","Advertising, Internet, Marketing",Chtrbox connects social media influencers with brands .,,,"?10,000,000",Angel
Aashiyaan Housing and Development Finance,,"Kolkata, West Bengal, India",Financial Services,Provide housing finance to those in the informal sector enabling the hither to un-served to own a home of their own.,,,"?135,000,000",Seed
BetterPlace Safety Solutions Pvt. Ltd.,,"Bangalore City, Karnataka, India","Human Resources, Security, Training","BetterPlace provides businesses with contractor workforce management, including onboarding, training, and background checks.",,,3000000,Series A
Cashkumar,,"Bengaluru, Karnataka, India","Consumer Lending, Finance, FinTech",A P2P Lending Platform connecting millions of financially under-served & new to credit borrowers with investment savvy lenders in India,,,"?50,000,000",Seed
Rocketium,,"Bangalore, Karnataka, India","Marketing, Social Media, Video",Easy video creation for social media.,,,"?20,000,000",Seed
FreightBazaar,,"Hyderabad, Andhra Pradesh, India",Transportation,FreightBazaar.com is an online platform that connects Truck suppliers with Truck users.,,,—,Seed
OPEN,,"Bangalore, Karnataka, India",Banking,Open up to a new world of Banking,,,—,Seed
mfine,,"Bengaluru, Karnataka, India","Health Care, Hospital",Hospital & Health Care Start up,,,4200000,Series A
Earth Food,,"Pune, Maharashtra, India","Food and Beverage, Food Processing",Earth Food is a healthy Food Start Up.,,,"?64,000,000",Seed
Charcoal Eats,,"Mumbai, Maharashtra, India",Food Processing,Charcoal Eats aims to bring Dominos style standardisation.,,,"?50,000,000",Seed
Wishfie,,"Bangalore, Karnataka, India",Apps,A platform for people to express their opinions in form of short videos around any topic.,,,—,Seed
The Social Hook,,"Bengaluru, Karnataka, India",Marketing,Fast growing Influencer Marketing platform in India.,,,—,Seed
FreightBro,,"Mumbai, Maharashtra, India","Apps, B2B, Freight Service, Logistics, SaaS, Shipping, Supply Chain Management, Transportation",Software for the new-age freight,,,—,Seed
Finwego,,"Chennai, Tamil Nadu, India",—,Finwego partners with Small and Medium Businesses in India to offer convenient and responsible credit to their employees,,,—,Seed
Cricnwin,,"Gurgaon, Haryana, India","Digital Entertainment, Fantasy Sports, Gaming, Sports",Cricnwin is a Gurugram - based Fan Engagement Platform,,,—,Seed
TheCollegeFever,,"Bangalore, Karnataka, India","Brand Marketing, Event Promotion, Marketing, Sponsorship, Ticketing","TheCollegeFever is a hub for fun, fiesta and frolic of Colleges.",,,250000,Seed
Wicked Ride Adventure Services Private Limited,,"Bangalore, Karnataka, India","Automotive, Last Mile Transportation, Peer to Peer, Ride Sharing",Peer-to-Peer motor vehicles sharing,,,"$10,000,000 ",Venture - Series Unknown
Career Anna,,"Bangalore, Karnataka, India","Commercial, E-Learning, Education",India's Go to Career Commerce Portal,,,"?40,000,000",Seed
ERUDITUS Executive Education,,"Mumbai, Maharashtra, India","Continuing Education, EdTech, Education, Skill Assessment","Eruditus, promoted by Alumni of INSEAD and other top business schools, delivers high quality executive education programmes",,,"$40,000,000 ",Series C
Gaia Smart Cities,,"Mumbai, Maharashtra, India","Smart Cities, Telecommunications",Gaia Smart Cities is an early leader in the rapidly-emerging Internet of Things (IoT) marketplace.,,,—,Seed
Square Off,,"Mumbai, Maharashtra, India","Internet of Things, Robotics",Delivering Imagination,,,"$1,100,000 ",Seed
UrbanClap,,"Delhi, Delhi, India","Apps, Home Services, Information Services, Information Technology",UrbanClap is India's leading managed marketplace for home services.,,,"$50,000,000 ",Series D
Hospals,,"New Delhi, Delhi, India","Medical, Tourism",Hospals is a medical tourism company.,,,"$1,500,000 ",Seed
Kogta Financial India Limited,,"Jaipur, Rajasthan, India",Financial Services,Kogta Financial (India) Ltd is a retail-focused non banking financial company .,,,"?1,540,000,000",Series B
Perspectico,,"New Delhi, Delhi, India","Career Planning, Education, Internet",An Education Management startup.,,,—,Seed
The Souled Store,,"Mumbai, Maharashtra, India","Fashion, Graphic Design, Wearables","The Souled Store bring to you awesome t-shirts, framed prints, badges, notebooks, coasters.",,,"$3,000,000 ",Venture - Series Unknown
Hush - Speak Up. Make Work Better,,"Bangalore, Karnataka, India","Communities, Leisure, Mobile Apps, Software",Enabling diversity of opinions in organizations,,,"?45,000,000",Seed
Drivezy,,"Bengaluru, Karnataka, India","Automotive, Rental, Sharing Economy",Drivezy is India's largest vehicle sharing platform which helps people turn their vehicles into earning members of their family.,,,"$100,000,000 ",Debt Financing
Freyr Energy,,"Hyderabad, Andhra Pradesh, India","Energy, Environmental Consulting, Renewable Energy, Solar","Freyr Energy is a company that provides full service solar provider based in Hyderabad, India.",,,"$1,500,000 ",Series A
NIRAMAI Health Analytix,,"Bangalore, Karnataka, India","Health Care, Hospital",NIRAMAI has developed a novel breast cancer screening solution that uses Thermalytix.,,,"$6,000,000 ",Seed
CloudSek,,"Bengaluru, Karnataka, India","Information Technology, SaaS, Security",Cloudsek is an Infosec Risk assessment company which provides intelligence needed to tackle online threats.,,,"?140,000,000",Seed
Lendbox,,"Delhi, Delhi, India","Crowdfunding, Financial Services, Internet",Lendbox is India's leading peer-to-peer lending online lending platform.,,,"?60,000,000",Seed
Verloop,,"Bangalore, Karnataka, India","Customer Service, Information Technology, Internet, Sales Automation",Verloop is an automated customer support and engagement platform.,,,"$3,000,000 ",Series A
Flickstree,,"Mumbai, Maharashtra, India","Advertising, Artificial Intelligence, Digital Media, iOS, Location Based Services, News, Video, Video on Demand, Video Streaming","Flickstree is a smart video content aggregator, powered by Artificial Intelligence.",,,—,Seed
Paymatrix,,"Hyderabad, Andhra Pradesh, India","Credit Cards, Payments, Property Insurance, Property Management, Rental Property",India's Leading Property Rent management platform,,,"$100,000 ",Seed
Idha Skin Clinic,,"Bangalore City, Karnataka, India","Beauty, Cosmetics, Health Care, Service Industry",Idha skin clinic jayanagar is dedicated to restore health and natural beauty to your skin.,,,"?5,000,000",Seed
InCred,,"Mumbai, Maharashtra, India","Banking, Finance, Financial Services",InCred Finance is a mumbai-based non-banking financial company,,,"$41,900,000 ",Private Equity
Vedantu,,"Bangalore, Karnataka, India","EdTech, Education, Mobile, Tutoring",Vedantu provides personalized LIVE Online Tutoring. Vedantu aims to democratize teaching by creating a marketplace of Teachers,,,"$11,000,000 ",Series B
Sportido,,"Noida, Uttar Pradesh, India","Social Media, Sports",Sportido is a sports discovery app that helps you find people and places to play 700+ sports around you.,,,—,Seed
Stelis Biopharma,,"Bangalore, Karnataka, India",Biopharma,Stelis Biopharma is a vertically integrated biopharmaceutical company,,,"$100,000,000 ",Series B
Magicpin,,"Gurgaon, Haryana, India","E-Commerce, E-Commerce Platforms, Retail","Magicpin is a platform where users and merchants in a locality discover, interact, and transact.",,,"?1,410,000,000",Series C
Try & Buy,,"New Delhi, Delhi, India","E-Commerce, Fashion, Shopping",Try & Buy,,,—,Seed
Mech Mocha,,"Bangalore, Karnataka, India","Digital Entertainment, Mobile, PC Games",Mech Mocha is a mobile gaming startup based in Bangalore working towards ‘Making India Play’ .,,,"$3,530,000 ",Series B
Aye Finance,,"Gurgaon, Haryana, India","Finance, Financial Services, Small and Medium Businesses",Aye Finance provides financial services to micro and small businesses in Northern India.,,,"?72,000,000",Debt Financing
Aldopay,,"Chennai, Tamil Nadu, India",Mobile Payments,Mobile Wallet Focusing on hassle free checkout via Finger Print & OTP.,,,"$200,000 ",Seed
Detect Technologies,,"Chennai, Tamil Nadu, India","Artificial Intelligence, Energy, Oil and Gas",Completely automated remote control system.,,,"$3,300,000 ",Series A
Signzy,,"Bangalore, Karnataka, India","Computer, FinTech, Risk Management, Software",Signzy are creating 'building blocks for a Digital Trust system.,,,"?240,000,000",Series A
CashRich,,"Mumbai, Maharashtra, India","Apps, Financial Services, FinTech",A Mumbai-based fin-tech startup,,,"$1,000,000 ",Seed
Cloudnine Hospitals,,"Bangalore, Karnataka, India","Child Care, Health Care, Hospital, Medical, Women's",Cloudnine is an Indian chain of women and child care hospitals.,,,—,Private Equity
CropIn Technologies,,"Bengaluru, Karnataka, India","Agriculture, Mobile","To discover, develop and deliver innovative solution in Agtech Space",,,"?580,000,000",Series B
Billdesk,,"Ahmedabad, Gujarat, India","Finance, FinTech, Payments, Property Development, Rental","BillDesk, a property of IndiaIdeas.com Ltd. was conceived in early 2000 to solve the frustrations of most of us when it comes to paying",,,—,Venture - Series Unknown
Yaantra,,"Delhi, Delhi, India","Information Services, Information Technology, Mobile, Software","Yaantra, India’s leading mobile phone repair, refurbished & Unboxed centre In India",,,"$2,000,000 ",Debt Financing
TECHBOOZE,,"New Delhi, Delhi, India",Education,"Techbooze[1] ""AN OPEN FORUM"" is an educational enterprise, headquartered in India working across the country.",,,"$100,000 ",Seed
HealthifyMe,,"Bangalore, Karnataka, India","Apps, Fitness, Health Care, mHealth",HealthifyMe is an application that allows its users to achieve their fitness and weight loss goals from their computers and smartphones.,,,"$6,000,000 ",Series B
hoi foods,,"Gurgaon, Haryana, India","Food and Beverage, Food Delivery",India's first hotel dedicated food brand which promises great in room dining experience in budget hotels,,,"?36,000,000",Seed
Perpule,,"Bangalore, Karnataka, India","Apps, Payments, Retail",Perpule is a self-checkout product for retail outlets to enhance the shopping experience of the customers.,,,"?340,000,000",Series A
Royal Sundaram General Insurance Co. Limited,,"Kalpakkam, Tamil Nadu, India","Health Insurance, Insurance, Life Insurance","Royal Sundaram provides comprehensive insurance plans and innovative insurance solutions to individuals, families and businesses.",,,"$210,000,000 ",Corporate Round
CleanseCar,,"Bangalore, Karnataka, India",Automotive,CleanseCar is a company provides Washing and Repair Services.,,,"?35,000,000",Angel
DRIVEU,,"Bengaluru, Karnataka, India","Rental, Taxi Service, Travel",DriveU is a convenient and a quick way of getting on demand drivers for consumers and businesses,,,"?70,000,000",Venture - Series Unknown
Spinny,,"Gurgaon, Haryana, India","E-Commerce, E-Commerce Platforms, Internet, Retail",Used cars marketplace in India. Ushering new era of transparency and convenience.,,,"$11,000,000 ",Series A
Asset Reconstruction Company (India) Ltd.,,"Mumbai, Maharashtra, India","Financial Services, Professional Services",Asset Reconstruction Company (India) Ltd. operates as a asset reconstruction company.,,,—,Secondary Market
Med365 Healthcare,,"Jaipur, Rajasthan, India",Health Diagnostics,"Wellness, Specialised Testing, Healthcare at Home",,,"?50,000,000",Seed
Dunzo,,"Bangalore, Karnataka, India","Customer Service, Messaging, Mobile Apps, Personalization",Dunzo is an app that connects you with the nearest available delivery partner to pickup or deliver items for you.,,,"?70,000,000",Debt Financing
Mobile Premier League (MPL),,"Bengaluru, Karnataka, India","Gaming, iOS, Sports",Mobile Premier League(MPL) is a skill based E-Sports platform where you can play your favourite mobile games and win real cash always.,,,"$5,000,000 ",Series A
WalMart India,,"Gurgaon, Haryana, India",Retail,"Wal-Mart India Private Limited is a wholly owned subsidiary of Walmart Stores Inc.,",,,"$37,680,000 ",Venture - Series Unknown
Cred,,"Bengaluru, Karnataka, India",—,Cred is a platform to celebrate and reward the most creditworthy people of India.,,,—,Seed
Meesho,,"Bangalore, Karnataka, India","E-Commerce, E-Commerce Platforms, Internet, Mobile Apps, Social Media","Meesho is an online reseller network of housewives and SMBs, who sell products within their network on social channels.",,,"$50,000,000 ",Series C
BhaskarGuru,,"Bhopal, Madhya Pradesh, India",Search Engine,Bhaskarguru.com is your local search Engine,,,"$1,000,000 ",Seed
Gugu,,"Coimbatore, Tamil Nadu, India","Battery, Electric Vehicle, Energy, Renewable Energy, Transportation",Gugu designs & Sells all Electric Connected Two-wheeler's with Network of Open & Free Fast charging Stations across India.,,,"$250,000 ",Seed
FarmTaaza,,"Bengaluru, Karnataka, India","Agriculture, Farmers Market, Farming",Farm Taaza provides expert advice to the farmers on improving the yield and improving the field operations of the farmer.,,,—,Series A
Vizzbee,,"Bhopal, Madhya Pradesh, India","Artificial Intelligence, Drones, Navigation, Packaging Services, Robotics",Autonomous Drone Solutions for last mile delivery as well as search and rescue,,,"$20,000 ",Pre-Seed
BIGPHI TECHNOLOGIES PVT. LTD.,,"Bangalore, Karnataka, India",Fashion,BIGPHI technologies is the India's first technologically advanced apparel and wearable company.,,,"$900,000 ",Angel
Mobycy,,"Gurgaon, Haryana, India","Fitness, GreenTech, Internet of Things, Mobile Apps, Ride Sharing, Transportation",India's 1st Dockless Bicycle Sharing App,,,—,Angel
Traveo Soft Pvt. Ltd.,,"Bangalore, Karnataka, India","Mobile, Software, Travel",AI based Business Travel & Expense management,,,"?1,200,000",Undisclosed
Em Personal Care,,"Worli, Maharashtra, India",Cosmetics,Em Personal Care is a Cosmetic products manufacturing Company.,,,—,Seed
Lucideus,,"New Delhi, Delhi, India","Consulting, Cyber Security, Network Security","Lucideus is a cybersecurity company that offers its customers with consultancy, training, and solutions to counteract cyber-attacks.",,,5000000,Venture - Series Unknown
Eupheus Learning,,"Delhi, Delhi, India","E-Learning, EdTech, Education",Eupheus Learning offers a seamless integrated learning solution for the K-12 market in India.,,,—,Seed
GamingMonk,,"New Delhi, Delhi, India","eSports, Gaming, Video Games","GamingMonk is an eSports gaming company based out of New Delhi, India.",,,"?40,000,000",Series A
Sukkhi Jewellery,,"Mumbai, Maharashtra, India","Fashion, Jewelry",Sukkhi Jewellery is a Contemporary fashion jewellery brand.,,,"?510,000,000",Venture - Series Unknown
INDwealth,,"Gurgaon, Haryana, India",Financial Services,INDwealth is an Artificial Intelligence (AI) powered wealth management company,,,"?2,200,000,000",Seed
Medikabazaar,,"Mumbai, Maharashtra, India","B2B, Medical Device",India's largest medical and surgical supplies marketplace,,,5000000,Series A
NIRA,,"Bangalore, Karnataka, India","Credit, Financial Services, FinTech, Lending","NIRA promotes financial inclusion by creating simple, transparent products that empower individuals to live a life of choice and freedom.",,,1000000,Seed
Duroflex Pvt. Ltd.,,"Alleppey, Kerala, India","Consumer Goods, Manufacturing",Duroflex Pvt. Ltd. operates as a dominant mattress player.,,,22000000,Private Equity
Clensta,,"New Delhi, Delhi, India","Biotechnology, Health Care, Wellness",A biotechnology start-up was incorporated to improve the National Hygiene condition whilst addressing the aspect of water conservation.,,,—,Seed
Jetbrain Robotics,,"Gurgaon, Haryana, India","Health Care, Hospital, Medical, Robotics","Jetbrain Robotics is Hong Kong / Gurgaon based company, building advanced robotic transportation solutions for multi speciality hospitals.",,,70000,Seed
Medimetry,,"Haryana, Haryana, India",Health Care,"MediMetry is an online platform where patients can consult specialists doctors online - from anywhere, at anytime.",,,—,Seed
Healthkart,,"Gurgaon, Haryana, India","E-Commerce, Fitness, Health Care","The one stop shop for health, fitness & beauty.",,,10000000,Venture - Series Unknown
Indiabulls Ventures,,"Mumbai, Maharashtra, India","Financial Services, Venture Capital",Indiabulls Ventures Limited is one of India’s leading capital market companies providing securities and derivative broking services.,,,"?15,392,000,000",Post-IPO Equity
Vistara,,"Haryana, Haryana, India",Aerospace,Vistara is a joint venture of Tata Sons Limited and Singapore Airlines Limited (SIA),,,"?20,000,000,000",Private Equity
ClearTax,,"New Delhi, Delhi, India","Accounting, Apps, FinTech",ClearTax India helps individuals prepare and e-file their Income Tax Return online.,,,"?4,000,000,000",Series B
Shuttl,,"Gurgaon, Haryana, India","Apps, Mobile, Transportation","Shuttl provides an app-based office shuttle service to make daily commute safe, reliable, affordable and dignified for everyone.",,,1000000,Debt Financing
GuruQ,,"New Delhi, Delhi, India",Reading Apps,A one of its kind digital integrated platform connecting tutors and students.,,,"?25,000,000",Seed
Azure Power,,"New Delhi, Delhi, India","Energy, Renewable Energy, Solar","Azure Power produces and distributes solar power to commercial, government, and utility customers in India.",,,185000000,Post-IPO Equity
Cube,,"Mumbai, Maharashtra, India","Banking, Financial Services, FinTech",Cube is consumer banking focused fintech company.,,,"?140,000,000",Series A
RAHI Care,,"Chandigarh, Chandigarh, India","Health Care, Hospital",RAHI Care is a Health Care company.,,,—,Venture - Series Unknown
Mynvax,,"Bangalore, Karnataka, India",Biotechnology,Mynvax is a biotech Company.,,,—,Angel
Loans4SME,,"Mumbai, Maharashtra, India",Financial Services,Loans4SME is an alternative lending platform.,,,—,Seed
UpCyclersLab,,"Mumbai, Maharashtra, India","Apps, Education, Retail",UpCyclersLab is a startup that makes sustainability-based learning tools for children above the age of five.,,,—,Seed
Cellerite Systems,,"Hyderabad, Andhra Pradesh, India",Electric Vehicle,Cellerite Systems is a charging solutions provider for electric vehicles.,,,—,Seed
Taru Naturals,,"Mumbai, Maharashtra, India","Agriculture, Farming",Taru Naturals is a network that connects farmer communities with clean technology and renewable energy.,,,—,Seed
LetsMD,,"New Delhi, Delhi, India","Fitness, Health Care, Wellness",LetsMD.com is a marketplace for elective surgeries,,,1000000,Seed
Twenty Two Motors,,"Haryana, Haryana, India","Automotive, Battery, Electric Vehicle, Manufacturing, Mechanical Design",Twenty Two Motors aim of making cutting edge EV technology affordable for the current generation.,,,65000000,Corporate Round
Truebil,,"Mumbai, Maharashtra, India","Automotive, E-Commerce, Marketplace","Truebil is a team of young, highly motivated professionals who strive to help you buy and sell used cars in the simplest way possible.",,,2000000,Series A
FarmersFZ,,"Kochi, Kerala, India",Agriculture,FarmersFZ is an online venture for fresh and safe vegetables and agri products.,,,—,Seed
Worxogo,,"Bangalore, Karnataka, India",Information Technology,worxogo’s is a pioneering persuasive technology products align employee behaviours .,,,"?165,000,000",Series A
Vivish Technologies (myGate),,"Bengaluru, Karnataka, India","Apps, Information Services, Information Technology",India's leading mobile based security management solution .,,,"?650,000,000",Series A
Singularity Dynamics,,"Bengaluru, Karnataka, India",Artificial Intelligence,Singularity Dynamics is a Chip-design testing startup.,,,—,Seed
Virtual MetalStreet(MetalStreet),,"Bengaluru, Karnataka, India","B2B, Marketplace",Virtual MetalStreet(Metalstreet) is a B2B marketplace for steel trading in India,,,700000,Angel
Veritas Finance,,"Guindy, Tamil Nadu, India",Financial Services,Veritas Finance has been promoted with a primary purpose of meeting the working capital and business credit requirements of the small bus.,,,30000000,Venture - Series Unknown
Manjushree Technopack,,"Bangalore, Karnataka, India",Packaging Services,Manjushree Technopack is a Rigid plastics packaging convertor in India and South Asia.,,,—,Private Equity
GoZefo,,"Bangalore, Karnataka, India","Computer, Furniture, Software",Startup working on a white space in the eCommerce industry.,,,"?210,000,000",Venture - Series Unknown
Zomato,,"Gurgaon, Haryana, India","Food Delivery, Hospitality, Reservations, Restaurants, Search Engine",Zomato is a search app offering detailed information for restaurants as well as online food delivery.,,,210000000,Secondary Market
Innov8 Coworking,,"New Delhi, Delhi, India","Collaboration, Communities, Coworking, Real Estate",Innov8 is a Y- Combinator backed company that offers coworking and shared office spaces.,,,4000000,Seed
RevFin,,"Delhi, Delhi, India","Accounting, Banking, Finance",RevFin is a digital lending company.,,,—,Seed
Lavelle Networks,,"Bengaluru, Karnataka, India","Cloud Computing, Enterprise Software, Network Hardware, Network Security, SaaS",Lavelle Networks provides Software Defined WAN (SD-WAN) Solutions to build end to end Enterprise Networking Platforms for tomorrow,,,"?20,000,000",Venture - Series Unknown
Blackbuck,,"Bengaluru, Karnataka, India","Information Services, Internet, Logistics, Supply Chain Management, Transportation",Blackbuck is a logistics startup based in India.,,,"?2,029,600,000",Series D
Cardekho,,"Gurgaon, Haryana, India","Automotive, E-Commerce, Information Services",Cardekho is a car search venture that helps users buy cars that are right for them.,,,75000000,Series C
ElasticRun,,"Pune, Maharashtra, India","Delivery, Logistics, Transportation",ElasticRun develops an online system that improves the reception of orders from customers and the dispatch of delivery drivers in India.,,,"?600,000,000",Series B
Droom Technology Private Limited,,"Gurgaon, Haryana, India","Automotive, E-Commerce Platforms, Marketplace",Droom is a marketplace for automobiles and automobile services.,,,30000000,Series E
Vogo Rentals,,"Kormangala, Karnataka, India","Last Mile Transportation, Railroad, Transportation, Travel",Vogo is a dockless scooter rental company in India which lets customers rent scooters for short one way trips.,,,"?80,000,000",Debt Financing
InnerChef,,"Gurgaon, Haryana, India","Cooking, E-Commerce, Food and Beverage, Food Delivery, Online Portals",InnerChef is an online food discovery and delivery experience that will make the foodie in you come alive.,,,1760000,Venture - Series Unknown
LivQuik,,"Mumbai, Maharashtra, India","FinTech, Mobile, Mobile Payments, Payments, Retail Technology",LivQuik was incorporated with the vision to simplify payments for merchants and consumers in an increasingly digital world,,,2700000,Corporate Round
Disprz,,"Chennai, Tamil Nadu, India","E-Learning, Education","Disprz is a one-of-its-kind “knowledge-tech” start-up that strives to make people knowledgeable, productive and smarter at what they do.",,,400000,Debt Financing
9stacks,,"Delhi, Delhi, India","Online Games, Software",Online gaming startup.,,,"?280,000,000",Series A
Origo,,"Gurgaon, Haryana, India",—,"Origo Commodities, a complete post-harvest management services for agricultural commodities, is the fastest growing company in its sector.",,,"?800,000,000",Venture - Series Unknown
YourOwnROOM,,"Bangalore, Karnataka, India","Online Portals, Property Management, Rental","Good quality, strategically located homes closer to work for millennials",,,750000,Seed
Vahdam Teas,,"New Delhi, Delhi, India","E-Commerce, Food and Beverage, Tea",Vahdam Teas is a vertically integrated online-first tea brand that sources premium garden fresh teas direct from over 150+ tea plantations.,,,2500000,Series B
Spoofin,,"New Delhi, Delhi, India","Music, Social Network, Video",A social networking app that lets you create and view Spoofs of your favourite videos.,,,—,Venture - Series Unknown
Strom Motors,,"Mumbai, Maharashtra, India",Automotive,Strom Motors is a smart urban mobility Company.,,,—,Angel
PharmEasy,,"Mumbai, Maharashtra, India","Health Care, Pharmaceutical, Wellness",PharmEasy - Indias largest healthcare delivery platform,,,80000000,Series C
Licious,,"Bengaluru, Karnataka, India","Delivery Service, Food and Beverage, Food Delivery","Licious is an online meat and fish ordering startup that solves existing problem of finding safe, delectable, trustworthy fresh meat.",,,25000000,Series C
Stanza Living,,"New Delhi, Delhi, India","Hospitality, Information Technology, Travel Accommodations",Stanza Living is a co-living platform created for students moving to a new place.,,,"?730,000,000",Venture - Series Unknown
docturnal,,"Hyderabad, Andhra Pradesh, India","Biotechnology, Diabetes, Health Care","Docturnal, an online platform, enables individuals to find information and diagnostic services related to diabetes, cancer, and more.",,,—,Seed
Bounce (Metro Bikes),,"Bangalore, Karnataka, India","Autonomous Vehicles, Last Mile Transportation, Recreational Vehicles, Rental","Bounce (formerly Metro Bikes) is an urban mobility solution that makes daily commute stress-free, time-saving, reliable, and convenient.",,,3000000,Debt Financing
Technology 9 Labs (T9L),,"New Delhi, Delhi, India",Information Technology,Technology 9 Labs is an Information Technology and Services company.,,,—,Corporate Round
Goals101,,"Delhi, Delhi, India",Financial Services,Goals101 is a one of the fastest growing big-data platforms.,,,3500000,Seed
Satya MicroCapital,,"New Delhi, Delhi, India","Finance, Financial Exchanges, Financial Services, Micro Lending",New Delhi-based non-banking financial company.,,,"?400,000,000",Venture - Series Unknown
Ummeed Housing Finance Private Limited,,"Haryana, Haryana, India","Finance, Financial Services",Ummeed Housing Finance Private Limited,,,"?600,000,000",Series C
StockEdge,,"Kolkata, West Bengal, India","Analytics, Apps, Market Research","StockEdge is a unique platform, which is 100% focused on research and analytics",,,1100000,Seed
Sequretek,,"Mumbai, Maharashtra, India",—,Sequretek is a cyber security start-up.,,,3700000,Venture - Series Unknown
Avenues Payments India Pvt. Ltd.,,"Mumbai, Maharashtra, India",—,Avenues Payments is an IT solutions provider for the remittance\money transfer and forex industries.,,,1300000,Corporate Round
Qbera,,"Bangalore, Karnataka, India","Finance, Financial Services",Qbera is a managed marketplace for unsecured personal loans.,,,"?140,000,000",Venture - Series Unknown
Urban Ladder,,"Bangalore, Karnataka, India","E-Commerce, E-Commerce Platforms, Furniture, Home Decor, Internet",Urban Ladder is a Bangalore-based online furniture company.,,,5600000,Debt Financing
Planet11 eCommerce Solutions India (Avenue11),,"Bengaluru, Karnataka, India",—,"Planet11 is backed by SK Planet, which is a part of the SK Group – one of the largest conglomerates in South Korea.",,,"?260,000,000",Corporate Round
DailyNinja,,"Bengaluru, Karnataka, India","Apps, Mobile, Mobile Apps, Software","Daily Ninja, a mobile app that delivers daily needs on a subscription model",,,—,Series A
Iba Halal Care,,"Ahmedabad, Gujarat, India",—,Iba Halal Care is a cosmetics brand company.,,,"?150,000,000",Series A
Knocksense,,"Lucknow, Uttar Pradesh, India","News, Publishing, Social Media",Knocksense is a fast growing lifestyle website.,,,—,Seed
Togedr,,"Gurgaon, Haryana, India",—,Togedr is an activity discovery & booking platform.,,,—,Venture - Series Unknown
Parkwheels,,"Haryana, Haryana, India","Industrial, Industrial Automation","Parkwheels aims at solving the big, bad & unsexy parking problems of India.",,,"?12,000,000",Seed
ShareChat,,"Bangalore, Karnataka, India","Internet, Mobile Apps, Social Network",ShareChat is a social networking and regional content platform for the fast growing Internet users in India.,,,99230000,Series C
Cyclops Medtech,,"Bangalore, Karnataka, India","Health Care, Health Diagnostics, Internet of Things, Life Science, Machine Learning, Medical, Medical Device",Medtech startup working on clinical and wearable diagnostic and rehab products for neuro vestibular disorders using eye tracking technology.,,,1000000,Seed
Livspace,,"Bangalore, Karnataka, India","E-Commerce, Furniture, Interior Design","Livspace is the new online shopping destination where you can design, decorate and furnish your dream home.",,,70000000,Series C
NewsBytes,,"Gurgaon, Haryana, India","Apps, Events, News",NewsBytes provides your everyday news in a contextual timeline to reduce information overload.,,,1000000,Seed
Leena AI,,"Gurgaon, Haryana, India","Artificial Intelligence, Human Resources, Information Services, Information Technology",Leena is smart AI powered HR companion dedicated towards engaging employees.,,,2000000,Seed
Max Healthcare,,"New Delhi, Delhi, India","Health Care, Hospital, Supply Chain Management",Max Healthcare is one of the leading chain of hospitals in India.,,,—,Corporate Round
GoBolt,,"New Delhi, Delhi, India","Logistics, Railroad, Transportation",Delhi-based logistics technology.,,,"?400,000,000",Venture - Series Unknown
GoGaga,,"Bangalore City, Karnataka, India","Dating, Private Social Networking",GoGaga is a new age dating app that has removed the mindless swiping on strangers and connects users through their network and find matches.,,,40000,Non-equity Assistance
Mate Labs,,"Bangalore, Karnataka, India","Artificial Intelligence, Machine Learning, PaaS",Mate Labs is a machine learning solutions platform for beginners.,,,550000,Seed
Furlenco,,"Bangalore, Karnataka, India","Consumer, Furniture, Home Decor, Home Improvement",Furlenco is a Bangalore-based company that offers a home furniture subscription program.,,,—,Series C
Ola,,"Kormangala, Karnataka, India","Apps, E-Commerce, Internet, Mobile, Ride Sharing, Transportation",Ola is a mobile app that brings together cab drivers and customers using technology to make transportation hassle-free in India.,,,50000000,Venture - Series Unknown
DocPrime,,"Haryana, Haryana, India","Health Care, Health Insurance",DocPrime offers a one-stop healthcare solution right at the comfort of patients' homes.,,,50000000,Funding Round
CLP India Pvt. Ltd.,,"Mumbai, Maharashtra, India","Energy, Natural Resources",CLP India Pvt. Ltd. is a foreign investor in the Indian power sector.,,,365000000,Private Equity
Xplorabox,,"Noida, Uttar Pradesh, India","E-Commerce, Education, Health Care",Xplorabox is as an educational activity box subscription startup aiming to revolutionize the early education industry.,,,—,Seed
Myra,,"Bangalore, Karnataka, India","Apps, Health Care, Pharmaceutical",Myra is a unique solution of technology and operations that makes buying medicines fast and efficient.,,,"?8,750,000",Venture - Series Unknown
Vokal,,"Bengaluru, Karnataka, India","Internet, Knowledge Management",India's Largest Peer-to-Peer Knowledge Sharing Platform in Indian Languages.,,,1500000,Series A
Kissht,,"Mumbai, Maharashtra, India","Credit, Finance, FinTech, Lending, Sales Automation","Kissht is a financial technology platform that enables instant, seamless credit for consumers to make purchases at digital points of sales",,,30000000,Series C
Upwards Fintech,,"Mumbai, Maharashtra, India","Banking, Financial Services, Internet",Upwards Fintech financial company.,,,5000000,Series A
Bon(Bonfleet Solutions),,"Pune, Maharashtra, India","Financial Services, FinTech","Bon, a Pune-based FinTech firm was created to bring financial services to the gig-economy workforce.",,,"?78,000,000",Seed
Mamaearth,,"Gurgaon, Haryana, India","E-Commerce, Health Care, Retail",Mamaearth is an online retailer specializing in baby and toddler products.,,,4000000,Series A
BabyChakra,,"Mumbai, Maharashtra, India","Child Care, Information Technology",BabyChakra is India's largest & most loved platform to discover the right maternity and childcare.,,,—,Series B
Belstar Investment and Finance Private Limited,,"Chennai, Tamil Nadu, India","Financial Services, Micro Lending",Belstar Investment and Finance Private Limited is a provider of scalable microfinance services to entrepreneurs.,,,28000000,Venture - Series Unknown
Naaptol,,"Mumbai, Maharashtra, India","E-Commerce, Retail, Shopping","Koku Gamer is an online platform that offers gaming related news, editorials, reviews, previews, and other content.",,,15000000,Venture - Series Unknown
Moonshine Meadery,,"Pune, Maharashtra, India",Food and Beverage,Moonshine Meadery is a first craft meadery.,,,—,Seed
Verzeo,,"Bangalore, Karnataka, India",E-Learning,Verzeo is anAI-focussed edtech startup.,,,5000000,Series A
Haazri,,"Mumbai, Maharashtra, India","Food and Beverage, Snack Food, Tea",Haazri is a tea and snack quick service restaurant startup,,,"?12,500,000",Seed
Connect India,,"New Delhi, Delhi, India","Delivery Service, E-Commerce, Logistics","To create pervasive network where connections are simpler, more powerful, more affordable, more global and more available to all.",,,—,Angel
Flyrobe,,"Mumbai, Maharashtra, India","Fashion, Lifestyle, Rental",Flyrobe is an on-demand apparel rental platform that provides premium designer wear.,,,"?264,000,000",Series B
Scholify,,"Bengaluru, Karnataka, India",—,Edutech,,,—,Pre-Seed
Dream11,,"Mumbai, Maharashtra, India","Fantasy Sports, Mobile, Sports","Dream11 is India’s Biggest Sports Game with 30 million+ users playing Fantasy Cricket, Football, Kabaddi and NBA.",,,100000000,Series D
srJna,,"Jaipur, Rajasthan, India",Education,"SRJNA is a brand of Elation Edtech Pvt. Ltd., which helps schools to integrate hands on, affordable and turnkey STEM.",,,—,Seed
Nykaa,,"Mumbai, Maharashtra, India","Beauty, Fashion, Wellness",Nykaa.com is a premier online beauty and wellness destination,,,"?1,130,000,000",Secondary Market
Chaayos,,"New Delhi, Delhi, India","Food and Beverage, Restaurants, Tea",Chaayos was born in November 2012 out of this premise - a contemporary interpretation of the chai adda.,,,"?810,000,000",Series B
Heelium,,"Pune, Maharashtra, India","Fitness, Sporting Goods, Sports",Heelium is an athletic footwear and wearable startup with primary focus on sports safety and sustainability.,,,—,Seed
LT Foods,,"New Delhi, Delhi, India","Food and Beverage, Food Processing, Manufacturing",LT Foods believe that nature will continue to nurture us until we as a species continue to breathe and live.,,,"?1,400,000,000",Post-IPO Equity
Multibashi,,"Bengaluru, Karnataka, India","E-Learning, Internet",Free language learning platform.,,,"?10,000,000",Seed
Cleardekho,,"Ghaziabad, Uttar Pradesh, India","Eyewear, Internet",Uttar Pradesh based online eyewear marketplace.,,,—,Venture - Series Unknown
Dailyhunt,,"Bangalore, Karnataka, India","Information Technology, Mobile, News, Operating Systems, Social Media, Social News",NewsHunt is a Bangalore based eBooks company.,,,6000000,Series E
SlicePay,,"Bengaluru, Karnataka, India","FinTech, Internet, Payments, Service Industry",SlicePay is an AI based instant credit app for youngsters in India.,,,14900000,Series A
Udaan,,"Bangalore, Karnataka, India","B2B, Business Development, Internet, Marketplace","Udaan is a B2B trade platform, designed specifically for small and medium businesses in India.",,,225000000,Series C
Happyeasygo Group,,"Haryana, Haryana, India","Tourism, Travel",HappyEasyGo is an online travel domain.,,,—,Series A
Mombay,,"Mumbai, Maharashtra, India","Food and Beverage, Food Delivery, Internet",Mombay is a unique opportunity for housewives to start household food business and avail everyone with their homemade healthy dishes.,,,7500,Seed
Droni Tech,,"Mumbai, Maharashtra, India",Information Technology,Droni Tech manufacture UAVs and develop software to service a range of industry requirements.,,,"?35,000,000",Seed
Netmeds,,"Chennai, Tamil Nadu, India","Biotechnology, Health Care, Pharmaceutical",Welcome to India's most convenient pharmacy!,,,35000000,Series C
